word_segment,instances,prominence
འི་,335,3.7073926516157587
ར་,284,3.1429836210712705
དང་,230,2.5453740593182825
ས་,193,2.135900841080124
དུ་,168,1.859229747675963
གསུམ་,162,1.7928286852589643
གཉིས་,152,1.6821602478973
རླུང་,138,1.5272244355909694
ལ་,115,1.2726870296591413
ལན་,113,1.2505533421868082
ནས་,102,1.1288180610889775
ལ,95,1.0513501549358124
ཀྱི་,95,1.0513501549358124
ལག་,94,1.040283311199646
གི་,87,0.9628154050464808
ས,85,0.9406817175741479
རྩ་,84,0.9296148738379815
ཏེ་,71,0.7857459052678176
གཡས་,60,0.6640106241699867
གཡོན་,60,0.6640106241699867
གྱི་,57,0.6308100929614874
སྟེ་,52,0.5754758742806552
ནི,51,0.5644090305444888
དེ་,50,0.5533421868083223
ལུས་,50,0.5533421868083223
ཀྱིས་,49,0.5422753430721559
གཅིག་,48,0.5312084993359893
མ་,46,0.5090748118636566
སུ་,45,0.49800796812749004
འབེབས་,45,0.49800796812749004
ཡང་,45,0.49800796812749004
སྟེང་,45,0.49800796812749004
ནི་,44,0.4869411243913236
རྣམས་,42,0.46480743691899074
བྱ,40,0.44267374944665777
ཕྱིར་,39,0.4316069057104913
སྐྱིལ་ཀྲུང་,39,0.4316069057104913
ནང་,37,0.40947321823815847
གཡས་གཡོན་,37,0.40947321823815847
ཁུ་ཚུར་,35,0.3873395307658256
ཏུ་,34,0.37627268702965916
བར་,32,0.35413899955732625
ཐད་,32,0.35413899955732625
རེ་,32,0.35413899955732625
ཆུང་,30,0.33200531208499334
མི་,30,0.33200531208499334
དེ་ནས་,30,0.33200531208499334
འཁོར་,29,0.3209384683488269
ཀྱང་,29,0.3209384683488269
གྱིས་,28,0.3098716246126605
རྐང་,28,0.3098716246126605
ཚུལ་,27,0.29880478087649404
དེ,27,0.29880478087649404
ཆབས་,26,0.2877379371403276
སོགས་,25,0.27667109340416113
བྱ་,25,0.27667109340416113
འོ,24,0.2656042496679947
ཡར་,24,0.2656042496679947
ཞེས་པ,24,0.2656042496679947
འཁྲུལ་,23,0.2545374059318283
བཅས་,23,0.2545374059318283
ཤད་,23,0.2545374059318283
བཞི་,22,0.2434705621956618
བསྐོར་,22,0.2434705621956618
ན་,22,0.2434705621956618
སོ,21,0.23240371845949537
རྗེས་,21,0.23240371845949537
བྱས་,21,0.23240371845949537
ཞིང་,21,0.23240371845949537
རོ་,21,0.23240371845949537
སྟེ,21,0.23240371845949537
དེ་ཡང་,20,0.22133687472332889
བཟུང་,20,0.22133687472332889
ལྟར་,19,0.2102700309871625
ཡིན་,19,0.2102700309871625
བཤིག་,19,0.2102700309871625
འཁོར་ལོ་,18,0.199203187250996
ཐམས་ཅད་,18,0.199203187250996
འོག་,18,0.199203187250996
པུས་,18,0.199203187250996
མཛུབ་,18,0.199203187250996
གཡོན་པ,18,0.199203187250996
བཞི,17,0.18813634351482958
དང་པོ་,17,0.18813634351482958
ཏེ,17,0.18813634351482958
རྡོ་རྗེ་,17,0.18813634351482958
ཞེས་,17,0.18813634351482958
གནད་,17,0.18813634351482958
གཡས་པ,17,0.18813634351482958
སྟོང་,16,0.17706949977866313
ལམ་,16,0.17706949977866313
སྙིང་ག,16,0.17706949977866313
ཡེ་ཤེས་,16,0.17706949977866313
གྲངས་,16,0.17706949977866313
ཆོས་,15,0.16600265604249667
ཅན་,15,0.16600265604249667
གཞན་,15,0.16600265604249667
སྐབས་,15,0.16600265604249667
ཕྱི་,15,0.16600265604249667
ཐག་,15,0.16600265604249667
དེ་བཞིན་,15,0.16600265604249667
གསང་,14,0.15493581230633025
འདི,14,0.15493581230633025
གོང་,14,0.15493581230633025
བརྒྱད་,14,0.15493581230633025
འདབ་,14,0.15493581230633025
ལུས་གནད་,14,0.15493581230633025
ཆེན་,14,0.15493581230633025
བརྡུང་,14,0.15493581230633025
སྤྲུགས་,13,0.1438689685701638
དག་,13,0.1438689685701638
ཚད་,13,0.1438689685701638
ཤིང་,13,0.1438689685701638
འཁོར་ལོ,13,0.1438689685701638
ན,13,0.1438689685701638
ལྔ,13,0.1438689685701638
སོང་,13,0.1438689685701638
སྡིག་,13,0.1438689685701638
རེ་མོས་,13,0.1438689685701638
རྣམ་པ་,12,0.13280212483399734
བྱས་པ,12,0.13280212483399734
ཙམ་,12,0.13280212483399734
རང་,12,0.13280212483399734
དྲུག་,12,0.13280212483399734
མཐ,12,0.13280212483399734
སྣ་བུག་,12,0.13280212483399734
སྔར་བཞིན་,12,0.13280212483399734
པུས་མོ་,12,0.13280212483399734
མདུན་,12,0.13280212483399734
དོན་,11,0.1217352810978309
བསྣོལ་,11,0.1217352810978309
གྱུར་,11,0.1217352810978309
དབུས་,11,0.1217352810978309
ཀུན་ད,11,0.1217352810978309
བཞག་,11,0.1217352810978309
བྱེད,11,0.1217352810978309
མཉམ་,11,0.1217352810978309
སྒྲ་,11,0.1217352810978309
དཔུང་པ་,11,0.1217352810978309
བརྐྱང་,11,0.1217352810978309
གནམ་,11,0.1217352810978309
འགྲེལ་,10,0.11066843736166444
མེད་,10,0.11066843736166444
བྱ་བ་,10,0.11066843736166444
ལྡན་,10,0.11066843736166444
ལྟ་བུ་,10,0.11066843736166444
གནས་,10,0.11066843736166444
གཉིས་པ་,10,0.11066843736166444
གིས་,10,0.11066843736166444
རྒྱ་,10,0.11066843736166444
དེ་ལས་,10,0.11066843736166444
བདུན་,10,0.11066843736166444
ཤེས་པ,10,0.11066843736166444
ཅུང་ཟད་,10,0.11066843736166444
ཆ་,10,0.11066843736166444
བསྐོར,10,0.11066843736166444
འཕར་,10,0.11066843736166444
སྟངས་,10,0.11066843736166444
གསུངས་པ,9,0.099601593625498
ར,9,0.099601593625498
ཀུན་,9,0.099601593625498
སྟན་,9,0.099601593625498
ཡིན་པ,9,0.099601593625498
འང་,9,0.099601593625498
དངོས་,9,0.099601593625498
ཚུར་,9,0.099601593625498
ཁམས་,9,0.099601593625498
གྱེས་པ,9,0.099601593625498
སྙིང་ག་,9,0.099601593625498
བཞིན་,9,0.099601593625498
དེ་དག་,9,0.099601593625498
གསུངས་,9,0.099601593625498
དགུ་,9,0.099601593625498
གསུངས་པ་,9,0.099601593625498
མཆན་ཁུང་,9,0.099601593625498
བརླ་,9,0.099601593625498
རྒྱབ་,9,0.099601593625498
ཐིག་ལེ,9,0.099601593625498
པད་,8,0.08853474988933156
སུམ་ཅུ་,8,0.08853474988933156
སོ་,8,0.08853474988933156
གསུམ,8,0.08853474988933156
རྒྱུ་,8,0.08853474988933156
ལྔ་,8,0.08853474988933156
གང་,8,0.08853474988933156
ཅིང་,8,0.08853474988933156
གཉིས,8,0.08853474988933156
རྣམ་,8,0.08853474988933156
ཡི་,8,0.08853474988933156
གཉིས་ཀ་,8,0.08853474988933156
སོ་སོ,8,0.08853474988933156
ནུ་,8,0.08853474988933156
ཧ་,8,0.08853474988933156
ཁྲབ་,8,0.08853474988933156
གེགས་,8,0.08853474988933156
གཏེར་,7,0.07746790615316512
འཁོར་བ་,7,0.07746790615316512
དགོས་,7,0.07746790615316512
ཅེས་པ,7,0.07746790615316512
བཤིག,7,0.07746790615316512
མ,7,0.07746790615316512
འམ་,7,0.07746790615316512
མར་,7,0.07746790615316512
ལྟེ་འོག་,7,0.07746790615316512
དེ་ལྟར་,7,0.07746790615316512
དྲང་བ,7,0.07746790615316512
སྤྱི་བོ,7,0.07746790615316512
དྲུག་ཅུ་,7,0.07746790615316512
སེམས་,7,0.07746790615316512
རོ,7,0.07746790615316512
གྱུར་པ,7,0.07746790615316512
ཐིག་ལེ་,7,0.07746790615316512
འགྱུར་,7,0.07746790615316512
དྭངས་མ་,7,0.07746790615316512
དུས་,7,0.07746790615316512
གཅིག,7,0.07746790615316512
བསམ་,7,0.07746790615316512
ཁ་སྦྱོར་,7,0.07746790615316512
བུམ་,7,0.07746790615316512
ཐལ་མོ,7,0.07746790615316512
སོར་མོ་,7,0.07746790615316512
བཀག་,7,0.07746790615316512
ནང་བསྟན་,7,0.07746790615316512
འཕེན་པ་,7,0.07746790615316512
དྲག་,7,0.07746790615316512
ལྡོག་,7,0.07746790615316512
བཙུགས,7,0.07746790615316512
དྲང་,7,0.07746790615316512
ཀུན་བཟང་,6,0.06640106241699867
དགོངས་,6,0.06640106241699867
བདེ་བ་,6,0.06640106241699867
ཐབས་,6,0.06640106241699867
མོ,6,0.06640106241699867
མཐུན་,6,0.06640106241699867
ལེགས་པ,6,0.06640106241699867
ངང་,6,0.06640106241699867
མཆོག་,6,0.06640106241699867
ཅེས་,6,0.06640106241699867
གསུམ་པ་,6,0.06640106241699867
མཚན་ཉིད་,6,0.06640106241699867
སྣ་,6,0.06640106241699867
རྡོ་རྗེ,6,0.06640106241699867
མགྲིན་པ,6,0.06640106241699867
ལྟེ་བ,6,0.06640106241699867
ཕྱོགས་,6,0.06640106241699867
བྱེད་པ་,6,0.06640106241699867
ངག་,6,0.06640106241699867
སུམ་བརྒྱ་,6,0.06640106241699867
དབུགས་,6,0.06640106241699867
སྦྱོང་,6,0.06640106241699867
སྔོན་,6,0.06640106241699867
གཉིས་པོ་,6,0.06640106241699867
རྒྱུ་བ,6,0.06640106241699867
མནན་,6,0.06640106241699867
འཕེན,6,0.06640106241699867
མཆན་,6,0.06640106241699867
འཕེན་,6,0.06640106241699867
གྲུ་མོ་,6,0.06640106241699867
མིག་,6,0.06640106241699867
མགོ་བོ་,6,0.06640106241699867
གཏུམ་མོ་,6,0.06640106241699867
འདྲེན་,6,0.06640106241699867
བརྡབ,6,0.06640106241699867
ལྡེ་མིག་,5,0.05533421868083222
དབྱིངས་,5,0.05533421868083222
སྟོང་པ,5,0.05533421868083222
བྲལ་,5,0.05533421868083222
ནོར,5,0.05533421868083222
ཟབ་,5,0.05533421868083222
ལྟར,5,0.05533421868083222
བཤད་པ་,5,0.05533421868083222
སྐྱབས་སེམས་,5,0.05533421868083222
གསོལ་འདེབས་,5,0.05533421868083222
བྱས་པ་,5,0.05533421868083222
འབྱུང་བ,5,0.05533421868083222
ནས,5,0.05533421868083222
ཆེན་པོ,5,0.05533421868083222
ཁྱད་པར་,5,0.05533421868083222
རྐང་པ,5,0.05533421868083222
རྩ,5,0.05533421868083222
རྩ་སྦྱོང་,5,0.05533421868083222
གསལ་བ་,5,0.05533421868083222
ཐོག་མ,5,0.05533421868083222
རྒྱུད་,5,0.05533421868083222
ཡོད་,5,0.05533421868083222
འབྱུང་,5,0.05533421868083222
ལྟེ་བ་,5,0.05533421868083222
གྱེས་པ་,5,0.05533421868083222
བདེ་ཆེན་,5,0.05533421868083222
ནོ,5,0.05533421868083222
མས་,5,0.05533421868083222
དེ་ཉིད་,5,0.05533421868083222
མེ་,5,0.05533421868083222
བཅོ་ལྔ་,5,0.05533421868083222
དགུ,5,0.05533421868083222
ཙོག་པུ,5,0.05533421868083222
འདུག་སྟངས་,5,0.05533421868083222
རང་བཞིན་,5,0.05533421868083222
བསྒོམ་པ་,5,0.05533421868083222
ཆུ་ཚོད་,5,0.05533421868083222
འཕོ་བ་,5,0.05533421868083222
འདི་,5,0.05533421868083222
དཔུང་པ,5,0.05533421868083222
སྐྱེད་,5,0.05533421868083222
གཏུམ་མོ,5,0.05533421868083222
དྲག་པོ,5,0.05533421868083222
བགྲད་,5,0.05533421868083222
རྒྱབ,5,0.05533421868083222
གླིང་,4,0.04426737494466578
བྱོན་,4,0.04426737494466578
རྫོགས་ཆེན་,4,0.04426737494466578
རླུང་གསང་བ,4,0.04426737494466578
དོང་,4,0.04426737494466578
བཞི་པ་,4,0.04426737494466578
གཞི་,4,0.04426737494466578
སྣང་,4,0.04426737494466578
ཟུང་འཇུག་,4,0.04426737494466578
ཟག་མེད་,4,0.04426737494466578
བརྗོད་པ་,4,0.04426737494466578
ངོ་བོ,4,0.04426737494466578
ཡིན,4,0.04426737494466578
གྲོགས་,4,0.04426737494466578
ཐུགས་,4,0.04426737494466578
ཤེས་རབ་,4,0.04426737494466578
ཉམས་,4,0.04426737494466578
བསྒོམ་པ,4,0.04426737494466578
གང་རུང་,4,0.04426737494466578
ཆེ་,4,0.04426737494466578
ཁ,4,0.04426737494466578
མགོ་,4,0.04426737494466578
མེད་པ,4,0.04426737494466578
གཞུང་ལས,4,0.04426737494466578
གསལ་བ,4,0.04426737494466578
གསལ་,4,0.04426737494466578
འདོན་,4,0.04426737494466578
ཚེ་,4,0.04426737494466578
འགྲུབ་པ,4,0.04426737494466578
བཀྲོལ་བ་,4,0.04426737494466578
སྤྱི་བོ་,4,0.04426737494466578
གསང་བ,4,0.04426737494466578
བྱུང་,4,0.04426737494466578
གཉིས་པོ,4,0.04426737494466578
འདབ་མ་,4,0.04426737494466578
རྟེན་,4,0.04426737494466578
སྟོང་ཕྲག་,4,0.04426737494466578
བདུན་ཅུ་,4,0.04426737494466578
གཞུང་,4,0.04426737494466578
དོ,4,0.04426737494466578
ཁྱབ་པ,4,0.04426737494466578
གསང་བ་,4,0.04426737494466578
འཛིན་,4,0.04426737494466578
བྱེད་,4,0.04426737494466578
རྐྱང་,4,0.04426737494466578
མཚོན་པ,4,0.04426737494466578
རྐྱང་མ,4,0.04426737494466578
གཅིག་པ,4,0.04426737494466578
གནས་པ,4,0.04426737494466578
ཀུན་རྫོབ་,4,0.04426737494466578
ངོ་བོ་,4,0.04426737494466578
བདེ་སྟོང་,4,0.04426737494466578
དབང་,4,0.04426737494466578
བསྡུས་,4,0.04426737494466578
རིམ་པ,4,0.04426737494466578
སྡུད་པ,4,0.04426737494466578
བྱ་བ,4,0.04426737494466578
གྱུར་པ་,4,0.04426737494466578
རྣམ་པ,4,0.04426737494466578
འགྲོ་བ,4,0.04426737494466578
བྱེད་པ,4,0.04426737494466578
བསྒོམ་,4,0.04426737494466578
སླར་,4,0.04426737494466578
བཏང་,4,0.04426737494466578
ཡན་ལག་,4,0.04426737494466578
དབུ་མ,4,0.04426737494466578
དབྱུག་,4,0.04426737494466578
གུ་,4,0.04426737494466578
ལོ་,4,0.04426737494466578
ལྟ་བུ,4,0.04426737494466578
རན་པ,4,0.04426737494466578
སྟེང་འོག་,4,0.04426737494466578
ཐུབ་པ་,4,0.04426737494466578
འདྲ་,4,0.04426737494466578
གཡོན་ཕྱོགས་,4,0.04426737494466578
སྦྱོར་,4,0.04426737494466578
རྔུབས་,4,0.04426737494466578
འཇུག་,4,0.04426737494466578
སྐེད་པ,4,0.04426737494466578
བཙུགས་,4,0.04426737494466578
བཞག,4,0.04426737494466578
བཅའ,4,0.04426737494466578
ཕྱག་རྒྱ,4,0.04426737494466578
སྐོར་,4,0.04426737494466578
རྐང་པ་,4,0.04426737494466578
སྐེད་པ་,4,0.04426737494466578
ཚག་,4,0.04426737494466578
གྱེན་,4,0.04426737494466578
བཤིབས་,4,0.04426737494466578
འཕུར་,4,0.04426737494466578
ཐལ་,4,0.04426737494466578
ལག་པ,4,0.04426737494466578
འཕུར,4,0.04426737494466578
ཕྲག་,4,0.04426737494466578
སྤྲུགས,4,0.04426737494466578
རྡོ་,4,0.04426737494466578
བསྣོལ་བ་,4,0.04426737494466578
གཞུ་,4,0.04426737494466578
ཐོབ་པ,4,0.04426737494466578
ཟབ་མོ,4,0.04426737494466578
བླ་མ་,4,0.04426737494466578
མཐེབ་,4,0.04426737494466578
འཆོང་,4,0.04426737494466578
སིག་,4,0.04426737494466578
ལངས་,4,0.04426737494466578
འདུས་,3,0.033200531208499334
ཆེ,3,0.033200531208499334
ལྷན་སྐྱེས་,3,0.033200531208499334
བླ་མ,3,0.033200531208499334
བརྒྱུད་,3,0.033200531208499334
དགའ་སྟོན་,3,0.033200531208499334
བླ་,3,0.033200531208499334
རྫོགས་,3,0.033200531208499334
རྫོགས་པ,3,0.033200531208499334
ཁྲིད་ཡིག་,3,0.033200531208499334
བདེ་བ,3,0.033200531208499334
ཉེར་,3,0.033200531208499334
འདུ་,3,0.033200531208499334
བསྲུང་,3,0.033200531208499334
སྦྱང་བ་,3,0.033200531208499334
རས་,3,0.033200531208499334
འམ,3,0.033200531208499334
ཆེ་ཆུང་,3,0.033200531208499334
གཟུགས་,3,0.033200531208499334
གསང་གནས་,3,0.033200531208499334
མཚམས་,3,0.033200531208499334
ཁྲུ་,3,0.033200531208499334
ཁོད་,3,0.033200531208499334
དམར་པོ་,3,0.033200531208499334
བདེ,3,0.033200531208499334
ངམ་,3,0.033200531208499334
རང་ཉིད་,3,0.033200531208499334
འདུས་པ,3,0.033200531208499334
བཀོད་,3,0.033200531208499334
འདི་ཉིད་,3,0.033200531208499334
འོད་,3,0.033200531208499334
སྦྱང་,3,0.033200531208499334
གནས་པ་,3,0.033200531208499334
སྨིན་མཚམས་,3,0.033200531208499334
རྩ་བ་,3,0.033200531208499334
རྐྱང་མ་,3,0.033200531208499334
ཚུད་པ,3,0.033200531208499334
རྣམ་ཤེས་,3,0.033200531208499334
ཞུགས་,3,0.033200531208499334
གྱེས་,3,0.033200531208499334
འགྲོ་,3,0.033200531208499334
བཅུ་གཉིས་,3,0.033200531208499334
ཧཾ་,3,0.033200531208499334
བཞུགས་པ,3,0.033200531208499334
ལོངས་སྤྱོད་,3,0.033200531208499334
བསྐྱེད་པ་,3,0.033200531208499334
གྲགས་,3,0.033200531208499334
ལ་སོགས་པ་,3,0.033200531208499334
རྟོག་པ་,3,0.033200531208499334
མ་ཟད་,3,0.033200531208499334
དབྱེ་བ,3,0.033200531208499334
བཅོ,3,0.033200531208499334
དག་པ,3,0.033200531208499334
བཅིངས་པ,3,0.033200531208499334
དོན་དམ་,3,0.033200531208499334
འཇུག་པ,3,0.033200531208499334
རྣམ་དག་,3,0.033200531208499334
དྲུག་ཅུ,3,0.033200531208499334
ཉི་ཤུ་,3,0.033200531208499334
སྤྲུལ་,3,0.033200531208499334
རྩ་བ,3,0.033200531208499334
ཀ་,3,0.033200531208499334
རྩ་ཆེན་,3,0.033200531208499334
བསྡོམས་པ,3,0.033200531208499334
བརྒྱ་,3,0.033200531208499334
སུམ་ཅུ་རྩ་གཉིས་,3,0.033200531208499334
ཡོད་པ,3,0.033200531208499334
ཐད་ཀ,3,0.033200531208499334
རྩ་ཕྲན་,3,0.033200531208499334
གནས,3,0.033200531208499334
བཅས་པ་,3,0.033200531208499334
ཤིན་ཏུ་,3,0.033200531208499334
རྒྱུད་སྡེ་,3,0.033200531208499334
ཁྱབ་བྱེད་,3,0.033200531208499334
དབུ་མ་,3,0.033200531208499334
ཐམས་ཅད་པ་,3,0.033200531208499334
བཅིངས་,3,0.033200531208499334
མཐའ་དག་,3,0.033200531208499334
དགོས་པ,3,0.033200531208499334
རྣམ་སྣང་,3,0.033200531208499334
བཅའ་,3,0.033200531208499334
དྲང་སྲོང་,3,0.033200531208499334
རྒྱུན་,3,0.033200531208499334
ཇེ་,3,0.033200531208499334
བུས་,3,0.033200531208499334
གོམས་འདྲིས་,3,0.033200531208499334
བསྡུ,3,0.033200531208499334
སྤྱིར་,3,0.033200531208499334
ཞག་,3,0.033200531208499334
རྒྱུ,3,0.033200531208499334
རྔུབ་,3,0.033200531208499334
ཁུ་,3,0.033200531208499334
ལོག་,3,0.033200531208499334
རིགས་,3,0.033200531208499334
རྒྱུ་བ་,3,0.033200531208499334
བཞི་པོ་,3,0.033200531208499334
བཅུ་གཅིག་,3,0.033200531208499334
ང་,3,0.033200531208499334
བཞོན་པ,3,0.033200531208499334
མན་ངག་,3,0.033200531208499334
སོང་བ,3,0.033200531208499334
བུམ་པ་,3,0.033200531208499334
སྙིགས་མ་,3,0.033200531208499334
རྔུབས,3,0.033200531208499334
རྩོལ་བ་,3,0.033200531208499334
དབྱུང་,3,0.033200531208499334
ཕན་ཡོན་,3,0.033200531208499334
རུང་,3,0.033200531208499334
འོག་རླུང་,3,0.033200531208499334
འཐེན་,3,0.033200531208499334
བསྐུམ,3,0.033200531208499334
རམ་,3,0.033200531208499334
རྗེས,3,0.033200531208499334
ཐལ་མོ་,3,0.033200531208499334
སྦྱར,3,0.033200531208499334
སྦྱར་,3,0.033200531208499334
མཛུབ་མོ་,3,0.033200531208499334
ད་ནི་,3,0.033200531208499334
བསྐོར་བ,3,0.033200531208499334
སྟོད་,3,0.033200531208499334
བསྟན་,3,0.033200531208499334
སྟངས་སྟབས་,3,0.033200531208499334
པུས་མོ,3,0.033200531208499334
བཀབ,3,0.033200531208499334
གདོང་,3,0.033200531208499334
མཛུབ་མོ,3,0.033200531208499334
འཐེན་པ,3,0.033200531208499334
སླེབས་པ་,3,0.033200531208499334
རེག་པ,3,0.033200531208499334
བསྐྱང་,3,0.033200531208499334
འདྲེན་པ,3,0.033200531208499334
མཐིལ་,3,0.033200531208499334
བསྒྲིམ་,3,0.033200531208499334
གཅུ་,3,0.033200531208499334
འུ་,3,0.033200531208499334
ལག་མགོ་,3,0.033200531208499334
སྤྲུགས་པ་,3,0.033200531208499334
བརྗོད་པ,3,0.033200531208499334
དེ་ཕོ་,3,0.033200531208499334
དཔུང་,3,0.033200531208499334
ཕན་ཚུན་,3,0.033200531208499334
བསྣོལ་བ,3,0.033200531208499334
སྒྱེད་,3,0.033200531208499334
དགུག་,3,0.033200531208499334
ལག་པ་,3,0.033200531208499334
དག་པ་,3,0.033200531208499334
མངོན་དུ་,3,0.033200531208499334
འབར་,3,0.033200531208499334
འཛག་,3,0.033200531208499334
བོགས་,3,0.033200531208499334
ཆགས་,3,0.033200531208499334
སྟོབས་,3,0.033200531208499334
ཞལ་ཤེས་,3,0.033200531208499334
ཉམས་ལེན་,3,0.033200531208499334
གྱད་,3,0.033200531208499334
འདོར་,3,0.033200531208499334
སྟབས་,3,0.033200531208499334
ལང་བ་,3,0.033200531208499334
སེངྒེ་,3,0.033200531208499334
ཡིས་ཡར་,3,0.033200531208499334
ཉལ་བ་,3,0.033200531208499334
ལང་,3,0.033200531208499334
རེག་,3,0.033200531208499334
སྐྱོན་,3,0.033200531208499334
ཀ་དག་,2,0.02213368747233289
ལྷུན་གྲུབ་,2,0.02213368747233289
པདྨ,2,0.02213368747233289
སྐུ་གསུམ་,2,0.02213368747233289
དགའ་,2,0.02213368747233289
ཡོངས་,2,0.02213368747233289
འཆིང་,2,0.02213368747233289
ཡང་དག་,2,0.02213368747233289
སྙིང་པོ་,2,0.02213368747233289
ལུང་,2,0.02213368747233289
ཨ་ནུ་,2,0.02213368747233289
ཡོ་ག,2,0.02213368747233289
གསུང་པ་,2,0.02213368747233289
རྗེ་,2,0.02213368747233289
སྔོན་འགྲོ་,2,0.02213368747233289
དངོས་གཞི་,2,0.02213368747233289
ཤམ་བུ་,2,0.02213368747233289
འདྲ་བ,2,0.02213368747233289
དབྱིབས་,2,0.02213368747233289
ཨང་རག་,2,0.02213368747233289
སྤྱིར་བཏང་,2,0.02213368747233289
འཇའ་,2,0.02213368747233289
རྟ་,2,0.02213368747233289
ཚང་,2,0.02213368747233289
འཇམ་,2,0.02213368747233289
ཀོ་,2,0.02213368747233289
དཀ,2,0.02213368747233289
ཐུང་,2,0.02213368747233289
འཆང་,2,0.02213368747233289
ཁང་,2,0.02213368747233289
ལྟ་,2,0.02213368747233289
མཁོ་བ,2,0.02213368747233289
མཐུན་པ,2,0.02213368747233289
རྟ་མགྲིན་,2,0.02213368747233289
ཡུམ་,2,0.02213368747233289
བསྐྱེད,2,0.02213368747233289
ཞེས་པ་,2,0.02213368747233289
བརྒྱ་རྩ་,2,0.02213368747233289
སྐྱབས་,2,0.02213368747233289
གདབ་,2,0.02213368747233289
སྣང་བ་,2,0.02213368747233289
བཀོད་པ་,2,0.02213368747233289
ནུས་,2,0.02213368747233289
གདོད་མ,2,0.02213368747233289
སྐུ,2,0.02213368747233289
ལི་,2,0.02213368747233289
ཤོག,2,0.02213368747233289
ཆབ་,2,0.02213368747233289
ཅིག་,2,0.02213368747233289
ཡང་ཐ,2,0.02213368747233289
སྦྱོང་བ་,2,0.02213368747233289
སྦྱང་པ,2,0.02213368747233289
ཨ་བ་,2,0.02213368747233289
ཟུག་པ,2,0.02213368747233289
ཀླད་པ,2,0.02213368747233289
བསྒོམ,2,0.02213368747233289
མདའ་,2,0.02213368747233289
སྨྱུག་,2,0.02213368747233289
ཡོད་པ་,2,0.02213368747233289
ཏི་,2,0.02213368747233289
ཁྱད་ཆོས་,2,0.02213368747233289
མེ་ཏོག་,2,0.02213368747233289
ལྡན་པ,2,0.02213368747233289
ཐེག་པ,2,0.02213368747233289
ཆགས་པ,2,0.02213368747233289
གཙོ་,2,0.02213368747233289
མོ་,2,0.02213368747233289
བརྩམས་,2,0.02213368747233289
གནས་སྐབས་,2,0.02213368747233289
ཐ་དད་པ་,2,0.02213368747233289
རང་ལུགས་,2,0.02213368747233289
འཇིགས་,2,0.02213368747233289
མ་ལ,2,0.02213368747233289
ནུས་པ་,2,0.02213368747233289
འཛིན་པ,2,0.02213368747233289
གསུང་,2,0.02213368747233289
མྱོང་བ,2,0.02213368747233289
སམ་,2,0.02213368747233289
སྤྲུལ་པ,2,0.02213368747233289
རྩིབས་,2,0.02213368747233289
བཅིངས་པ་,2,0.02213368747233289
གཅོད་པ,2,0.02213368747233289
མཚུངས་པ,2,0.02213368747233289
དྲན་པ་,2,0.02213368747233289
མཚོན་,2,0.02213368747233289
དབྱེ,2,0.02213368747233289
མཚོན,2,0.02213368747233289
བསྟན་པ་,2,0.02213368747233289
གསེར་,2,0.02213368747233289
དལ་བ་,2,0.02213368747233289
ཕྲན་,2,0.02213368747233289
རེ་རེ་,2,0.02213368747233289
དབྱེ་,2,0.02213368747233289
ཉིས་,2,0.02213368747233289
དབྱེ་བ་,2,0.02213368747233289
ཆུ་,2,0.02213368747233289
འགྲོ་བ་,2,0.02213368747233289
ཐུར་,2,0.02213368747233289
འགྱུར་བ་,2,0.02213368747233289
གྲངས་མེད་པ་,2,0.02213368747233289
མགྲིན་པ་,2,0.02213368747233289
བཅུ་དྲུག་,2,0.02213368747233289
བཅུ,2,0.02213368747233289
ཆེ་བ,2,0.02213368747233289
རྒྱས་པ,2,0.02213368747233289
སྔ་,2,0.02213368747233289
རིན་པོ་ཆེ་,2,0.02213368747233289
མདོར་ན་,2,0.02213368747233289
རྣལ་འབྱོར་པ,2,0.02213368747233289
བཤད་,2,0.02213368747233289
ཆོས་ཉིད་,2,0.02213368747233289
ཆེན་པོ་,2,0.02213368747233289
རྗེས་སུ་,2,0.02213368747233289
འདྲ་བ་,2,0.02213368747233289
འདུག,2,0.02213368747233289
ལུས་སེམས་,2,0.02213368747233289
རྩ་དབུ་མ་,2,0.02213368747233289
འབད་རྩོལ་,2,0.02213368747233289
གོམས་,2,0.02213368747233289
ལྷ་སྐུ་,2,0.02213368747233289
སྟོང་གསལ་,2,0.02213368747233289
ནམ་མཁ,2,0.02213368747233289
དེ་ལྟ་,2,0.02213368747233289
རེས་མོ,2,0.02213368747233289
རྩ་འཁོར་,2,0.02213368747233289
ཤར་མར་,2,0.02213368747233289
ཞིག་,2,0.02213368747233289
ལྷ,2,0.02213368747233289
གཡོ་བ་,2,0.02213368747233289
རབ་ཏུ་,2,0.02213368747233289
ཕྱི་རོལ་,2,0.02213368747233289
དྲོད་,2,0.02213368747233289
སེལ་,2,0.02213368747233289
བཅས་པ,2,0.02213368747233289
ནད་,2,0.02213368747233289
བསྐྱེད་པ,2,0.02213368747233289
ངེས་པར་,2,0.02213368747233289
དང,2,0.02213368747233289
བྱེ་བྲག་,2,0.02213368747233289
སྐྱེས་བུ་,2,0.02213368747233289
ཉིན་ཞག་,2,0.02213368747233289
རྒྱུ་ལ,2,0.02213368747233289
སྔར་,2,0.02213368747233289
སྣ་སྒོ,2,0.02213368747233289
རེ,2,0.02213368747233289
བསགས་པ,2,0.02213368747233289
བཅས,2,0.02213368747233289
ཡེ་,2,0.02213368747233289
ལོངས་པ,2,0.02213368747233289
བསྐྱོད་,2,0.02213368747233289
རགས་པ,2,0.02213368747233289
རྣམ་འགྱུར་,2,0.02213368747233289
རྣམ་རྟོག་,2,0.02213368747233289
འོད་གསལ་,2,0.02213368747233289
ཤེས་,2,0.02213368747233289
དེས་ན་,2,0.02213368747233289
ཡོན་ཏན་,2,0.02213368747233289
གོང་མ་,2,0.02213368747233289
ཕུ,2,0.02213368747233289
སྦྱོར་བ་,2,0.02213368747233289
མནན་པ,2,0.02213368747233289
གཞིལ,2,0.02213368747233289
སུ,2,0.02213368747233289
དལ་བུ,2,0.02213368747233289
འགུལ་བ,2,0.02213368747233289
འཕང་བ་,2,0.02213368747233289
ཁུག་,2,0.02213368747233289
བརྩིས་,2,0.02213368747233289
བསྐྱེད་,2,0.02213368747233289
འབྲིང་,2,0.02213368747233289
དཔྲལ་བ,2,0.02213368747233289
གཡས,2,0.02213368747233289
རེས་,2,0.02213368747233289
འཕེན་པ,2,0.02213368747233289
འཆི་བ་,2,0.02213368747233289
མཉེན་ལྕུག་,2,0.02213368747233289
ཏིང་ངེ་འཛིན་,2,0.02213368747233289
མཐའ་,2,0.02213368747233289
འཁྲུལ་པ,2,0.02213368747233289
བརྐྱངས་,2,0.02213368747233289
རྣལ་,2,0.02213368747233289
བསྒྲེང་,2,0.02213368747233289
བཞིན་པ,2,0.02213368747233289
རིམ་གྱིས་,2,0.02213368747233289
ཕྱག་ལན་,2,0.02213368747233289
སྤོས་,2,0.02213368747233289
དགོས,2,0.02213368747233289
མན་,2,0.02213368747233289
རིགས་འགྲེ,2,0.02213368747233289
སྐྱིལ་,2,0.02213368747233289
འབུད་,2,0.02213368747233289
བྱ་ལག་,2,0.02213368747233289
བཀབ་སྐེད་པ་,2,0.02213368747233289
ཆོས་སྐོར་,2,0.02213368747233289
བོན་,2,0.02213368747233289
མདའ་འཕེན་,2,0.02213368747233289
དྲང་པོ,2,0.02213368747233289
བཞག་པ,2,0.02213368747233289
བཅའ་བ་,2,0.02213368747233289
ཤར་,2,0.02213368747233289
འཆིངས་,2,0.02213368747233289
རྔུབས་པ་,2,0.02213368747233289
ལྷན་,2,0.02213368747233289
ཕྱག་རྒྱ་,2,0.02213368747233289
བཤིག་པ,2,0.02213368747233289
སྒུར་བ,2,0.02213368747233289
བརྐྱངས,2,0.02213368747233289
མཁྲིག་མ་,2,0.02213368747233289
རྡེབ་,2,0.02213368747233289
འཕོང་,2,0.02213368747233289
བྲང་,2,0.02213368747233289
འ་,2,0.02213368747233289
འབྱར,2,0.02213368747233289
བཀྲོལ་,2,0.02213368747233289
ཐར་,2,0.02213368747233289
བརྡབ་པ་,2,0.02213368747233289
ལག་མགོ,2,0.02213368747233289
དགོས་པ་,2,0.02213368747233289
ཁ་,2,0.02213368747233289
སྤྲུགས་པ,2,0.02213368747233289
རྒྱབ་མ་,2,0.02213368747233289
ཕྲག་པ,2,0.02213368747233289
གཅུ,2,0.02213368747233289
སྒྲིམ་,2,0.02213368747233289
ཕོ་བ་,2,0.02213368747233289
ལྔ་པ་,2,0.02213368747233289
རྗིད་,2,0.02213368747233289
འཕུལ་བ་,2,0.02213368747233289
འཕུལ་,2,0.02213368747233289
ཅང་,2,0.02213368747233289
ཕྲག་པ་,2,0.02213368747233289
དྲུག་པ་,2,0.02213368747233289
བྱས,2,0.02213368747233289
བརྗོད་,2,0.02213368747233289
བཅད་,2,0.02213368747233289
དགུ་པ་,2,0.02213368747233289
ལྷུ་,2,0.02213368747233289
བརྡེག་,2,0.02213368747233289
ཕོ་བ,2,0.02213368747233289
རྩིབ་ལོགས་,2,0.02213368747233289
གཉའ་,2,0.02213368747233289
ཁུང་,2,0.02213368747233289
བཟུང་བ,2,0.02213368747233289
དཔུང་མགོ,2,0.02213368747233289
བསིག་,2,0.02213368747233289
འཐོན་པ,2,0.02213368747233289
སྙིགས་མ,2,0.02213368747233289
བྱང་སེམས་,2,0.02213368747233289
བཞུགས་པ་,2,0.02213368747233289
དྭངས་སྙིགས་,2,0.02213368747233289
དམར་,2,0.02213368747233289
ཇི་སྙེད་པ,2,0.02213368747233289
འཁོར་བ,2,0.02213368747233289
བྱུང་བ་,2,0.02213368747233289
རྣལ་འབྱོར་,2,0.02213368747233289
སྒོ་,2,0.02213368747233289
བསྣུན་,2,0.02213368747233289
རྩ་ཐིག་,2,0.02213368747233289
ལ་མོ,2,0.02213368747233289
ས་པ་,2,0.02213368747233289
དམ་པ,2,0.02213368747233289
ཁོང་,2,0.02213368747233289
ཆུད་པ,2,0.02213368747233289
སྨིན་,2,0.02213368747233289
མཐར་ཐུག་,2,0.02213368747233289
ཉི་མ་,2,0.02213368747233289
བུ་,2,0.02213368747233289
བདེ་,2,0.02213368747233289
སྔོན་འགྲོ,2,0.02213368747233289
ཀྱིས་ཡར་,2,0.02213368747233289
བྱ་ཞེས་པ,2,0.02213368747233289
རྡོར་,2,0.02213368747233289
འཕོངས་,2,0.02213368747233289
སྲིན་ལག་,2,0.02213368747233289
བསྐུམ་,2,0.02213368747233289
ཕྱིར་འགྱེད,2,0.02213368747233289
གྲགས་པ,2,0.02213368747233289
ཐོག་,2,0.02213368747233289
ཁྱི་,2,0.02213368747233289
ཚུགས་,2,0.02213368747233289
ཐི་,2,0.02213368747233289
འབྱར་,2,0.02213368747233289
ལག་སོར་,2,0.02213368747233289
ཝ་མོ,2,0.02213368747233289
འདྲེ་,2,0.02213368747233289
མཆུ་,2,0.02213368747233289
བཀག,2,0.02213368747233289
ཋ་,2,0.02213368747233289
བསྲང་,2,0.02213368747233289
གཉིས་པ,2,0.02213368747233289
རེག,2,0.02213368747233289
རྟིང་པ་,2,0.02213368747233289
གདབ་པ་,2,0.02213368747233289
བསྒྲེངས་,2,0.02213368747233289
ཞིང་ས་,2,0.02213368747233289
སང་སང་,2,0.02213368747233289
ཉལ་,2,0.02213368747233289
འདྲིལ་,2,0.02213368747233289
རྐང་སོར་,2,0.02213368747233289
འདྲིལ་བ,2,0.02213368747233289
དྲག་པོ་,2,0.02213368747233289
ལྟ་སྟངས་,2,0.02213368747233289
བརྟུལ་ཞུགས་,2,0.02213368747233289
གདམས་ངག་,2,0.02213368747233289
ཞལ་ལ,2,0.02213368747233289
བསྔོ་སྨོན་,2,0.02213368747233289
གོ་,2,0.02213368747233289
མྱོང་,2,0.02213368747233289
རྟོགས་,2,0.02213368747233289
འབད་,2,0.02213368747233289
བསྟན་འཛིན་,2,0.02213368747233289
བཞུགས་,1,0.011066843736166445
༄༄,1,0.011066843736166445
དྲི་མེད་,1,0.011066843736166445
སིདྷུའི་,1,0.011066843736166445
མཚོ,1,0.011066843736166445
འགག,1,0.011066843736166445
སྦུབས,1,0.011066843736166445
བདག་ཉིད་,1,0.011066843736166445
ཐོད་ཕྲེང་,1,0.011066843736166445
རྩལ,1,0.011066843736166445
བྱང་ཆུབ་,1,0.011066843736166445
བརྩེ་བ,1,0.011066843736166445
བཟུངས་,1,0.011066843736166445
མཛོད,1,0.011066843736166445
མཆོག་ལྡན་,1,0.011066843736166445
དཔྱིད,1,0.011066843736166445
སྨིན་པ,1,0.011066843736166445
འི,1,0.011066843736166445
འདི་རིགས་,1,0.011066843736166445
བདག་,1,0.011066843736166445
གསང་ཚིག་,1,0.011066843736166445
དེ་ཕྱིར་,1,0.011066843736166445
རྣམ་གྲོལ་,1,0.011066843736166445
གཉེར་བ་,1,0.011066843736166445
ཡི,1,0.011066843736166445
བུར་,1,0.011066843736166445
སྨོན་པ,1,0.011066843736166445
ཡིད་བཞིན་,1,0.011066843736166445
ཕན་བདེ,1,0.011066843736166445
གྲུབ་པ,1,0.011066843736166445
བཙས་,1,0.011066843736166445
ལོངས,1,0.011066843736166445
གྲགས་པ་,1,0.011066843736166445
ཆ་ལག,1,0.011066843736166445
རིམ་པ་,1,0.011066843736166445
བཞེས་,1,0.011066843736166445
ཐུགས་སྲས་,1,0.011066843736166445
ལྔ་པ,1,0.011066843736166445
མཛད་པ,1,0.011066843736166445
གསལ་བྱེད་,1,0.011066843736166445
ལྷན་ཐབས་,1,0.011066843736166445
མཁོ,1,0.011066843736166445
ཡོ་བྱད་,1,0.011066843736166445
སྣམ་,1,0.011066843736166445
དར་གོས་,1,0.011066843736166445
བཟང་ངན་,1,0.011066843736166445
རྒྱལ་མཚན་,1,0.011066843736166445
ཡང་ན་,1,0.011066843736166445
པད་འདབ་,1,0.011066843736166445
རང་རང་,1,0.011066843736166445
བསྟུན་,1,0.011066843736166445
སྔོན་པོ་,1,0.011066843736166445
སྒྲིག་,1,0.011066843736166445
དམར་སེར་,1,0.011066843736166445
རེ་རེ,1,0.011066843736166445
གོང་འོག་,1,0.011066843736166445
བརྩེགས་,1,0.011066843736166445
སྔོ་སྐྱ་,1,0.011066843736166445
རེ་ཙམ་,1,0.011066843736166445
འདོམ་,1,0.011066843736166445
སྲད་བུ་,1,0.011066843736166445
འོང་བ,1,0.011066843736166445
ལྷོད་པ,1,0.011066843736166445
འདོམ་གང་,1,0.011066843736166445
གྲུ་བཞི་,1,0.011066843736166445
དོ་,1,0.011066843736166445
སྲབ་འཐུག་,1,0.011066843736166445
རན་པ་,1,0.011066843736166445
འབོལ་བ་,1,0.011066843736166445
ནང་ཚངས་,1,0.011066843736166445
མཉེན་,1,0.011066843736166445
སྙོམས་པ་,1,0.011066843736166445
ལེགས་,1,0.011066843736166445
སྒོམ་ཐག་,1,0.011066843736166445
སྣམ་རས་,1,0.011066843736166445
ཞེང་,1,0.011066843736166445
གམ་,1,0.011066843736166445
ཁ་སྦྱར་བ,1,0.011066843736166445
ནང་ཁོངས་,1,0.011066843736166445
ངོས་,1,0.011066843736166445
སྐུད་པ,1,0.011066843736166445
མཚོན་བྱེད་,1,0.011066843736166445
དྲུབ་,1,0.011066843736166445
མཛེས་པ,1,0.011066843736166445
རིང་ཐུང་,1,0.011066843736166445
སྲིད་,1,0.011066843736166445
ལྟེབས་,1,0.011066843736166445
དཀྲིས་པ,1,0.011066843736166445
ལྷག་མ་,1,0.011066843736166445
རིང་ཚད,1,0.011066843736166445
ངོ,1,0.011066843736166445
དབེན་པ,1,0.011066843736166445
གསང་སྤྱོད་,1,0.011066843736166445
སྒྲོགས་,1,0.011066843736166445
ཉེས་པ་,1,0.011066843736166445
ཆད་,1,0.011066843736166445
མཐོང་ཚོར་,1,0.011066843736166445
ས་གཞི་,1,0.011066843736166445
སྙོམས་པར,1,0.011066843736166445
རྒྱ་ཁྱོན་,1,0.011066843736166445
ཤིང་ཁོ,1,0.011066843736166445
ཡུག་,1,0.011066843736166445
ར་བ,1,0.011066843736166445
གསེང་,1,0.011066843736166445
འཚོ་བ་,1,0.011066843736166445
ཟས་,1,0.011066843736166445
རྐྱེན་,1,0.011066843736166445
ཡབ་,1,0.011066843736166445
དབང་ཆེན་,1,0.011066843736166445
ཕག་མོ,1,0.011066843736166445
སྭ་,1,0.011066843736166445
བྷཱ་,1,0.011066843736166445
ཝ,1,0.011066843736166445
སྦྱངས,1,0.011066843736166445
སྐད་ཅིག་,1,0.011066843736166445
སྐུ་མདོག་,1,0.011066843736166445
བསྲུང་བ,1,0.011066843736166445
སྔགས་,1,0.011066843736166445
ལས་མི་,1,0.011066843736166445
ཉུང་བ,1,0.011066843736166445
བཟླ,1,0.011066843736166445
སྙིང་པོ,1,0.011066843736166445
སྐྱབས་ཡུལ་,1,0.011066843736166445
ན་མོ་,1,0.011066843736166445
ནང,1,0.011066843736166445
དབྱིངསཅེས་,1,0.011066843736166445
ཚུལ་བཞིན་,1,0.011066843736166445
བརྗོད,1,0.011066843736166445
སྤྲོ་,1,0.011066843736166445
མཁའ་,1,0.011066843736166445
རྒྱ་རུ་,1,0.011066843736166445
བླ་བརྒྱུད་,1,0.011066843736166445
རྒྱས་པ་,1,0.011066843736166445
དེ་ཙམ་,1,0.011066843736166445
མགོན་པོ་,1,0.011066843736166445
འདེབས་,1,0.011066843736166445
བསྡུས་པ་,1,0.011066843736166445
རུང་བ,1,0.011066843736166445
ཧྲཱི,1,0.011066843736166445
འཁྱིལ་,1,0.011066843736166445
ལི་ཞེས་པ་,1,0.011066843736166445
དངོས་གྲུབ་,1,0.011066843736166445
ཉུང་མཐ,1,0.011066843736166445
འདོན,1,0.011066843736166445
ཙ་,1,0.011066843736166445
གཙུག་ཏོར་,1,0.011066843736166445
དྷུཏི་,1,0.011066843736166445
སྲོག་ཤིང་,1,0.011066843736166445
དུ་ཡར་,1,0.011066843736166445
འོག་སོ,1,0.011066843736166445
གསུམ་པོ་,1,0.011066843736166445
སྦོམ་ཕྲ་,1,0.011066843736166445
ཁ་དོག་,1,0.011066843736166445
དྷུ་,1,0.011066843736166445
སྲབ་པ་,1,0.011066843736166445
ཆུ་ཤིང་,1,0.011066843736166445
སྡོང་པོ་,1,0.011066843736166445
སྐེག་,1,0.011066843736166445
དམར་བ,1,0.011066843736166445
ཏིལ་,1,0.011066843736166445
མར་མེ་,1,0.011066843736166445
རང་ཅག་,1,0.011066843736166445
འཕགས་པ,1,0.011066843736166445
མི་ལུས་,1,0.011066843736166445
ཕ་མ,1,0.011066843736166445
ཁུ་ཁྲག་,1,0.011066843736166445
དང་བ,1,0.011066843736166445
དོའི་,1,0.011066843736166445
མངལ་,1,0.011066843736166445
ཚང་བ,1,0.011066843736166445
ཡོངས་སུ་,1,0.011066843736166445
གྲུབ་བོ,1,0.011066843736166445
མ་ནས་,1,0.011066843736166445
དུ་མ,1,0.011066843736166445
དགོངས་པ་,1,0.011066843736166445
གཏེར་ཆེན་,1,0.011066843736166445
འདུལ་,1,0.011066843736166445
གླིང་པ,1,0.011066843736166445
དགོངས་བཞེད་,1,0.011066843736166445
བརྒྱད,1,0.011066843736166445
བཅུ་དྲུགསྤྱི་བོ,1,0.011066843736166445
འཕོ་བ,1,0.011066843736166445
ལོའཾ་,1,0.011066843736166445
ཡིག་,1,0.011066843736166445
རོ་དྲུག་,1,0.011066843736166445
སྐྱོང་བ,1,0.011066843736166445
བདེ་སྐྱོང་,1,0.011066843736166445
མིང་,1,0.011066843736166445
མཚུངས་པ་,1,0.011066843736166445
བྱེད་ལས་,1,0.011066843736166445
དེ་སྐད་,1,0.011066843736166445
སྤར་,1,0.011066843736166445
མེ,1,0.011066843736166445
སྤོར་,1,0.011066843736166445
བསྣན་པ,1,0.011066843736166445
མོང་,1,0.011066843736166445
འཆད་,1,0.011066843736166445
ཐུན་མོང་,1,0.011066843736166445
མ་ཡིན་པ་,1,0.011066843736166445
གཉིས་ཀ,1,0.011066843736166445
ཡེ་རྫོགས་,1,0.011066843736166445
རྟོག་,1,0.011066843736166445
ཟད་,1,0.011066843736166445
དུ་མ་,1,0.011066843736166445
ཉག་,1,0.011066843736166445
ཐབས་ཤེས་,1,0.011066843736166445
ཟུང་,1,0.011066843736166445
མཐའ་བྲལ་,1,0.011066843736166445
ལྟ་བ་,1,0.011066843736166445
དབུས་མ,1,0.011066843736166445
སྟོན་པ,1,0.011066843736166445
སྤྲུལ་སྐུ,1,0.011066843736166445
ལོངས་སྐུ,1,0.011066843736166445
ཆོས་སྐུ་,1,0.011066843736166445
བཀོད་པ,1,0.011066843736166445
འདུས་པ་,1,0.011066843736166445
བཅུ་དྲུག,1,0.011066843736166445
དམ་,1,0.011066843736166445
སྐྱེད་བྱེད་,1,0.011066843736166445
བརྒྱད་པོ་,1,0.011066843736166445
ཁ་ཡ,1,0.011066843736166445
རྒྱ་གླིང་,1,0.011066843736166445
བུད་,1,0.011066843736166445
གོ་རིམ་,1,0.011066843736166445
སེམས,1,0.011066843736166445
མ་རིག་པ,1,0.011066843736166445
ཡིད,1,0.011066843736166445
འཁོར་འདབ་,1,0.011066843736166445
མ་དྲུག་,1,0.011066843736166445
ཅུ་,1,0.011066843736166445
སྡུད,1,0.011066843736166445
དྲུགཡུལ་,1,0.011066843736166445
མ་རིག་,1,0.011066843736166445
ངེས,1,0.011066843736166445
ཡལ་ག,1,0.011066843736166445
འདི་དག་,1,0.011066843736166445
རགས་པ་,1,0.011066843736166445
བཅུ་,1,0.011066843736166445
རྩེ་མོ་,1,0.011066843736166445
ཉི་,1,0.011066843736166445
སྤྱི་གཙུག་,1,0.011066843736166445
ཐམ་པ་,1,0.011066843736166445
འདོད་,1,0.011066843736166445
ཀུན་མཁྱེན་,1,0.011066843736166445
རབ་ཡིད་,1,0.011066843736166445
ནོར་བུ,1,0.011066843736166445
ངལ་གསོ་,1,0.011066843736166445
ཞུ,1,0.011066843736166445
གཙོ་བོ,1,0.011066843736166445
ཆོས་ཅན་,1,0.011066843736166445
གནས་ཚུལ་,1,0.011066843736166445
རང་རིག་པ,1,0.011066843736166445
ཤར་བ,1,0.011066843736166445
ཐ་མལ་,1,0.011066843736166445
རྩ་ཡང་,1,0.011066843736166445
ཐ་མལ་པ,1,0.011066843736166445
མི་འགལ་བ,1,0.011066843736166445
མཁོ་,1,0.011066843736166445
འཕྲོས་པ་,1,0.011066843736166445
ཕྱག་བཞེས་,1,0.011066843736166445
སྒོམ་རིམ་,1,0.011066843736166445
ལ་རྩ་,1,0.011066843736166445
འདུགཅེས་པ་,1,0.011066843736166445
ཁྲོལ་མ་,1,0.011066843736166445
སྒོམ་ཞེས་,1,0.011066843736166445
བཅོས་པ་,1,0.011066843736166445
གལ་ཆེ་བ,1,0.011066843736166445
མཉམ་བཞག,1,0.011066843736166445
བསླངས་,1,0.011066843736166445
འདྲ,1,0.011066843736166445
བསྒྲིལ་བ,1,0.011066843736166445
མེད་པ་,1,0.011066843736166445
འཇའ་ཚོན་,1,0.011066843736166445
སྟོང་པ་,1,0.011066843736166445
ཕྲུ་མ་,1,0.011066843736166445
ཕུམ་,1,0.011066843736166445
བཏབ་པ,1,0.011066843736166445
འགྱིག་,1,0.011066843736166445
ཁོང་སྟོང་,1,0.011066843736166445
གདབ,1,0.011066843736166445
ཙམ་པ,1,0.011066843736166445
ཟུག་པ་,1,0.011066843736166445
བརྟན་པོ,1,0.011066843736166445
སྤ་,1,0.011066843736166445
ལྕགས་,1,0.011066843736166445
ཀ་བ་,1,0.011066843736166445
སྦོམ་,1,0.011066843736166445
འཕེལ་བ,1,0.011066843736166445
གར་,1,0.011066843736166445
ཁྱབ་,1,0.011066843736166445
བསྒོམས་པ,1,0.011066843736166445
རྔ་,1,0.011066843736166445
རྩ་སྦྱོང་བ་,1,0.011066843736166445
ཁྲོལ་མ,1,0.011066843736166445
ལམ་རིམ་,1,0.011066843736166445
ཆབས་ཅིག་,1,0.011066843736166445
རྐྱང་པ་,1,0.011066843736166445
དགེ་,1,0.011066843736166445
བསྔོ་,1,0.011066843736166445
ཤིས་བརྗོད་,1,0.011066843736166445
ཐུན་,1,0.011066843736166445
འཇམ་དཔལ་,1,0.011066843736166445
སྒྱུ་,1,0.011066843736166445
དྲྭ་,1,0.011066843736166445
སྲོག་ཆེན་པོ་,1,0.011066843736166445
སྐྱེ་བ་,1,0.011066843736166445
མེད,1,0.011066843736166445
ཚིག་,1,0.011066843736166445
སྤགས་པ་,1,0.011066843736166445
མཆོགཚིག་,1,0.011066843736166445
ལུས་ཅན་,1,0.011066843736166445
སྲང་,1,0.011066843736166445
འཆར་གཞི,1,0.011066843736166445
སྲོག་ཆེན་པོ,1,0.011066843736166445
གློ་བུར་,1,0.011066843736166445
དྲི་མ་,1,0.011066843736166445
ཀུན་གཞི,1,0.011066843736166445
ཡུལ་,1,0.011066843736166445
ནི་ལ,1,0.011066843736166445
སྲོག་,1,0.011066843736166445
སྲོག་གནས་པ,1,0.011066843736166445
གྱེན་རྒྱུ,1,0.011066843736166445
དབུགས་དབྱུང་,1,0.011066843736166445
འབེབས་པ,1,0.011066843736166445
འགྲོ་འདུག་,1,0.011066843736166445
གཤང་,1,0.011066843736166445
གཅི་,1,0.011066843736166445
འབྱིན་,1,0.011066843736166445
སྡོམ་,1,0.011066843736166445
གལ་ཏེ་,1,0.011066843736166445
བརྒྱལ་,1,0.011066843736166445
སྨྱོ་,1,0.011066843736166445
སྟོད་ནད་,1,0.011066843736166445
ཞ་,1,0.011066843736166445
རེངས་,1,0.011066843736166445
དབང་པོ་,1,0.011066843736166445
སྣ,1,0.011066843736166445
དར་ལ་,1,0.011066843736166445
བབས་པ་,1,0.011066843736166445
ནད་མེད་པ་,1,0.011066843736166445
ཕྲུགས་,1,0.011066843736166445
ཉི་ཁྲི་,1,0.011066843736166445
ཆིག་སྟོང་,1,0.011066843736166445
བཅུ་གཉིས་པ,1,0.011066843736166445
ཡ་གྱལ་,1,0.011066843736166445
ཕྱིར,1,0.011066843736166445
དཀྱིལ་འཁོར་,1,0.011066843736166445
འབབས་པ,1,0.011066843736166445
ལྷག་,1,0.011066843736166445
དྲུག་ཅུ་པོ་,1,0.011066843736166445
འདྲེས་,1,0.011066843736166445
འབབ་,1,0.011066843736166445
བརྒྱ་པ་,1,0.011066843736166445
ཕྱེད་,1,0.011066843736166445
ཆ་རེ་,1,0.011066843736166445
བཞི་ཆ་,1,0.011066843736166445
དྲིལ་,1,0.011066843736166445
ཆུ་སྲང་,1,0.011066843736166445
ཟླ་བ་,1,0.011066843736166445
ཟློས་པ,1,0.011066843736166445
ཟླ་,1,0.011066843736166445
ཤོལ་,1,0.011066843736166445
བརྒྱ་པ,1,0.011066843736166445
སྒུལ་,1,0.011066843736166445
གཡོ་,1,0.011066843736166445
འབྲིང་པོ,1,0.011066843736166445
ཕྲ་བ,1,0.011066843736166445
ཕྲ་བ་,1,0.011066843736166445
ཉིད་,1,0.011066843736166445
ཚུལ,1,0.011066843736166445
རྣམ་ཐར་,1,0.011066843736166445
གཟིགས་པ,1,0.011066843736166445
ཁྱབ་བོ,1,0.011066843736166445
འདེབས་པ་,1,0.011066843736166445
ལ་རླུང་,1,0.011066843736166445
ལ་དེ་ནས་,1,0.011066843736166445
ཚུར་འཇམ་,1,0.011066843736166445
རིང་,1,0.011066843736166445
དྲངས་དེ་ནས་,1,0.011066843736166445
ན་མ,1,0.011066843736166445
ར་རྒྱུ་མ་,1,0.011066843736166445
བཏབ་,1,0.011066843736166445
ས་གསང་བ,1,0.011066843736166445
ལ་སྟེང་འོག་,1,0.011066843736166445
སྡོམ་ཞེས་,1,0.011066843736166445
སྔ་མ་,1,0.011066843736166445
བརྒྱུད་པ,1,0.011066843736166445
ཡན་,1,0.011066843736166445
སྒོམ་,1,0.011066843736166445
བསྐྱུར་,1,0.011066843736166445
མནན,1,0.011066843736166445
དགང་བ,1,0.011066843736166445
གཡས་ཕྱོགས་,1,0.011066843736166445
འཐེན,1,0.011066843736166445
གནོན,1,0.011066843736166445
གཞིལ་བ,1,0.011066843736166445
ཐུབ་,1,0.011066843736166445
སྤུ་མ་,1,0.011066843736166445
སང་,1,0.011066843736166445
དགང་,1,0.011066843736166445
བརྒྱ་ལ་,1,0.011066843736166445
སོགས་པ་,1,0.011066843736166445
བཅུན་,1,0.011066843736166445
ཆུང་བ,1,0.011066843736166445
ཐག,1,0.011066843736166445
རིག་,1,0.011066843736166445
སེ་གོལ་,1,0.011066843736166445
བཏོགས་པ་,1,0.011066843736166445
བརྩིས་པ,1,0.011066843736166445
ཐ་མ་,1,0.011066843736166445
བཟློག་,1,0.011066843736166445
བརྩོན་པ,1,0.011066843736166445
བཅུད་ལེན་,1,0.011066843736166445
ངག་སྙན་པ,1,0.011066843736166445
གཡོ་མེད་,1,0.011066843736166445
ཡས་,1,0.011066843736166445
རྩོལ་བ,1,0.011066843736166445
ཐམས་ཅད་པ,1,0.011066843736166445
ལོངས་སྤྱོད་པ,1,0.011066843736166445
སྤྱོ་,1,0.011066843736166445
འཛིན་པ་,1,0.011066843736166445
འཇམ་རླུང་,1,0.011066843736166445
བསྐྱེད་རིམ་,1,0.011066843736166445
བཟླས་བརྗོད་,1,0.011066843736166445
ཏིང་འཛིན་,1,0.011066843736166445
སྒོམ་པ,1,0.011066843736166445
འབྱོངས་,1,0.011066843736166445
རང་ས,1,0.011066843736166445
ཕྲ་རགས་,1,0.011066843736166445
དེངས་,1,0.011066843736166445
ཤེས་པ་,1,0.011066843736166445
ཕེབས་པ,1,0.011066843736166445
སྦྱངས་བ་,1,0.011066843736166445
མཆེད་པོ་,1,0.011066843736166445
ལྷན་ཅིག་,1,0.011066843736166445
གཅིག་པུ་,1,0.011066843736166445
གང་ཡིན་,1,0.011066843736166445
ཚུལ་ལྡན་,1,0.011066843736166445
གྱོན་,1,0.011066843736166445
སྙོམས་པར་,1,0.011066843736166445
འདིང་,1,0.011066843736166445
རྒྱབ་ཕྱོགས་,1,0.011066843736166445
འཚལ,1,0.011066843736166445
འཇུག་པ་,1,0.011066843736166445
བཏེག་,1,0.011066843736166445
རྐྱང་པ,1,0.011066843736166445
བཞག་པ་,1,0.011066843736166445
ཆ་མཉམ་,1,0.011066843736166445
ནད་གདོན་,1,0.011066843736166445
སྡིག་སྒྲིབ་,1,0.011066843736166445
སངས་,1,0.011066843736166445
བསམ,1,0.011066843736166445
དོངས་,1,0.011066843736166445
ནི་སྟེང་,1,0.011066843736166445
ལ་འོག་,1,0.011066843736166445
འཐེན་རླིང་,1,0.011066843736166445
ཤོ,1,0.011066843736166445
བཟུང་རྐང་པ་,1,0.011066843736166445
བསྐོར་རླུང་,1,0.011066843736166445
དུས་སྣ་བུག་,1,0.011066843736166445
ཕུ་དེ་ནས་,1,0.011066843736166445
ཁ་སྦྱར་,1,0.011066843736166445
ལ་ལག་པ་,1,0.011066843736166445
བསྐོར་སྣ་བུག་,1,0.011066843736166445
ཕུ་ལག་,1,0.011066843736166445
འཁྱུད་སོག་པ་,1,0.011066843736166445
སུ་ནང་སྐོར་,1,0.011066843736166445
བྱ་དེ་བཞིན་,1,0.011066843736166445
ཕུ་ཡང་,1,0.011066843736166445
སྤྲུག་བརྐྱང་བསྐུམ་,1,0.011066843736166445
ཇི་བཞིན་,1,0.011066843736166445
བྱ་གཡས་གཡོན་,1,0.011066843736166445
གསོར་གྲུ་མོ་,1,0.011066843736166445
རྡུངས་ཅེས་པ,1,0.011066843736166445
བསྲངས,1,0.011066843736166445
དང་ཁ་,1,0.011066843736166445
མཐུར་,1,0.011066843736166445
འགུལ་,1,0.011066843736166445
བཞགལག་,1,0.011066843736166445
སྡོག་,1,0.011066843736166445
འཁྱུད,1,0.011066843736166445
སོག་པ་,1,0.011066843736166445
འཁྱུད་,1,0.011066843736166445
གཞུ་རྒྱུད་,1,0.011066843736166445
གསོར་པ,1,0.011066843736166445
བསྒྲེང་བ,1,0.011066843736166445
བསྐྱངས,1,0.011066843736166445
ཙོག་པུ་,1,0.011066843736166445
བསྒྲིམས་,1,0.011066843736166445
མནན་པ་,1,0.011066843736166445
གཅིགདེ་ཡང་,1,0.011066843736166445
འབྱིན་པ་,1,0.011066843736166445
འབུད་རྗེས་,1,0.011066843736166445
ལག་མཐིལ་,1,0.011066843736166445
ལ་གཡས་གཡོན་,1,0.011066843736166445
མགོ་མཇུག་,1,0.011066843736166445
འཆིངས,1,0.011066843736166445
ཁ་ཡར་,1,0.011066843736166445
འཕུར་བ་,1,0.011066843736166445
དང་པོ་པ,1,0.011066843736166445
ཡུན་,1,0.011066843736166445
འོས་,1,0.011066843736166445
ནམ་ཡང་,1,0.011066843736166445
སྲོག་རྩ,1,0.011066843736166445
སྨྱོ་བ,1,0.011066843736166445
ཉེན་,1,0.011066843736166445
སྦྱོང་བ,1,0.011066843736166445
དུས་ཚོད་,1,0.011066843736166445
ལྡང་,1,0.011066843736166445
ཕྱག་ལེན་,1,0.011066843736166445
འཐུད་,1,0.011066843736166445
ཆོག་,1,0.011066843736166445
གོགཉིས་པ་,1,0.011066843736166445
བཤིགདེ་,1,0.011066843736166445
འདུག་,1,0.011066843736166445
སྣུམ་བྱུག་,1,0.011066843736166445
ལོགས་,1,0.011066843736166445
མགོ,1,0.011066843736166445
སྣུམ་བྱུག་པ,1,0.011066843736166445
བརྗེས་,1,0.011066843736166445
ཐེངས་,1,0.011066843736166445
བསྐྱར་,1,0.011066843736166445
མ་གལ་,1,0.011066843736166445
འབྱར་བ,1,0.011066843736166445
རུད་,1,0.011066843736166445
འདྲུལ་,1,0.011066843736166445
སླེབས་པ,1,0.011066843736166445
ཟེར་བ་,1,0.011066843736166445
བསྐྱར,1,0.011066843736166445
བཀབ་པ་,1,0.011066843736166445
བྱ་ན,1,0.011066843736166445
ཕོ་,1,0.011066843736166445
བཀབ་,1,0.011066843736166445
བཤིགའབེབས་,1,0.011066843736166445
ཕ་བོང་,1,0.011066843736166445
བཏེག་པ་,1,0.011066843736166445
བཞིན་ལག་,1,0.011066843736166445
བདུན་པ་,1,0.011066843736166445
བཞགགཡོན་པ,1,0.011066843736166445
གྲང་,1,0.011066843736166445
བརྒྱད་པ་,1,0.011066843736166445
སྟོད་སྨད་,1,0.011066843736166445
སྨད་,1,0.011066843736166445
བརྐྱང་པ་,1,0.011066843736166445
དང་ཆབས་,1,0.011066843736166445
རྒོད་,1,0.011066843736166445
གཤོག་,1,0.011066843736166445
ཐོན་པ་,1,0.011066843736166445
བརྡེག,1,0.011066843736166445
བཅུ་པ་,1,0.011066843736166445
བརྡུང་བ་,1,0.011066843736166445
བཅུ་གསུམ་པ་,1,0.011066843736166445
ཆ,1,0.011066843736166445
བཅུ་བཞི་པ་,1,0.011066843736166445
དཔུང་མགོ་,1,0.011066843736166445
དུའང་,1,0.011066843736166445
བྱས་མཐ,1,0.011066843736166445
ཉོན་མོངས་,1,0.011066843736166445
ཁྲི་,1,0.011066843736166445
འཁོར་མ་,1,0.011066843736166445
ལུས་པ་,1,0.011066843736166445
བཤིགས་,1,0.011066843736166445
རྩ་མདུད་,1,0.011066843736166445
གྲོལ,1,0.011066843736166445
ལ་སྒོ་,1,0.011066843736166445
རང་བབས་,1,0.011066843736166445
གཉུག་,1,0.011066843736166445
ངལ་གསོ་བ་,1,0.011066843736166445
དགྱེས་པ,1,0.011066843736166445
མཛོད་,1,0.011066843736166445
ཅིགད་ནི་,1,0.011066843736166445
བཤད་པ,1,0.011066843736166445
འགྲམ་པ,1,0.011066843736166445
དགའ་བ་,1,0.011066843736166445
དབྱུང་བ,1,0.011066843736166445
འགག་,1,0.011066843736166445
དཀར་དམར་,1,0.011066843736166445
ཕ་ལ,1,0.011066843736166445
རད་,1,0.011066843736166445
འདུས་མདོ,1,0.011066843736166445
ཨ་,1,0.011066843736166445
དཀར་ཆ་,1,0.011066843736166445
བདག་པོ,1,0.011066843736166445
བརྟེན་པ,1,0.011066843736166445
རྟེན་བྱེད་,1,0.011066843736166445
ཚིལ,1,0.011066843736166445
རུས་པ,1,0.011066843736166445
མདངས་,1,0.011066843736166445
རིམ་བཞིན་,1,0.011066843736166445
དྲི་ཆེན་,1,0.011066843736166445
མཁྲིས་པ་,1,0.011066843736166445
པགས་པ་,1,0.011066843736166445
རྨེན་བུ་,1,0.011066843736166445
སེན་,1,0.011066843736166445
སྦུགས་,1,0.011066843736166445
དྲི་མ,1,0.011066843736166445
མཆིལ་,1,0.011066843736166445
སྣབ་,1,0.011066843736166445
དགའ་བ,1,0.011066843736166445
འཛག་པ་,1,0.011066843736166445
ལུས་ཟུངས་,1,0.011066843736166445
བསྡུས་་,1,0.011066843736166445
རྣམ་དབྱེ་,1,0.011066843736166445
ཕྱེ་,1,0.011066843736166445
གསུངས,1,0.011066843736166445
རྟུལ་,1,0.011066843736166445
མུན་,1,0.011066843736166445
ཆགས་སྡང་,1,0.011066843736166445
རྨོངས་,1,0.011066843736166445
བརྒྱད་ཅུ,1,0.011066843736166445
བསགས་,1,0.011066843736166445
འཁྲུལ་སྣང་,1,0.011066843736166445
སྣ་ཚོགས་,1,0.011066843736166445
འགྱུར་མེད་,1,0.011066843736166445
ལྡོག་པ,1,0.011066843736166445
ཤིགས་པ,1,0.011066843736166445
ཇི་སྙེད་པ་,1,0.011066843736166445
ཡང་དག་པ,1,0.011066843736166445
དེ་ལྟ་ན་,1,0.011066843736166445
བསྣུན་པ,1,0.011066843736166445
ཐམས་ཅད,1,0.011066843736166445
གནས་འགྱུ,1,0.011066843736166445
སྦྱང་གཞི་,1,0.011066843736166445
སྐུ་གསུང་ཐུགས་,1,0.011066843736166445
མཉམ་པ་ཉིད་,1,0.011066843736166445
སྦྱང་བྱ་,1,0.011066843736166445
སྒོ་གསུམ་པོ་,1,0.011066843736166445
སྦྱོང་བྱེད་,1,0.011066843736166445
འབྲེལ་བ,1,0.011066843736166445
ཁྱད་པར་ཅན་,1,0.011066843736166445
འཁྲུལ་པ་,1,0.011066843736166445
འབྲས་,1,0.011066843736166445
སྒྲིབ་,1,0.011066843736166445
སྐུ་གསུམ་པོ་,1,0.011066843736166445
ཐོག་མཐའ་,1,0.011066843736166445
རྒྱུད་སྡེ,1,0.011066843736166445
དགོངས་འགྲེལ,1,0.011066843736166445
གདོད་,1,0.011066843736166445
རྒྱུ་མཚན་,1,0.011066843736166445
སློབ་,1,0.011066843736166445
ཞུགས་པ་,1,0.011066843736166445
སྙམ་,1,0.011066843736166445
ཙན་,1,0.011066843736166445
ཊ་,1,0.011066843736166445
དྲངས་,1,0.011066843736166445
མི་མཐུན་པ,1,0.011066843736166445
འཇོམས་པ,1,0.011066843736166445
ཕྱི,1,0.011066843736166445
གདོན་,1,0.011066843736166445
བརྒྱད་ཅུ་,1,0.011066843736166445
འཇོམས,1,0.011066843736166445
རང་བྱུང་,1,0.011066843736166445
ངོ་སྤྲོད་པ,1,0.011066843736166445
ཤིགས་,1,0.011066843736166445
གཞོམ་,1,0.011066843736166445
བསྲེགས་,1,0.011066843736166445
སྐྱེ་,1,0.011066843736166445
དོན་དམ་པ,1,0.011066843736166445
ལེན་པ་,1,0.011066843736166445
དྲོད་ཚད་,1,0.011066843736166445
ཅི་རིགས་,1,0.011066843736166445
རྙེད་པ་,1,0.011066843736166445
སྤྱི་བྱེ་,1,0.011066843736166445
བྲག་,1,0.011066843736166445
སྤྲོས་པ,1,0.011066843736166445
ངལ་བ་,1,0.011066843736166445
གང་ལྟར་,1,0.011066843736166445
བབས་,1,0.011066843736166445
འཐུས་,1,0.011066843736166445
དགྲམ་པ,1,0.011066843736166445
དབྱུང་བ་,1,0.011066843736166445
བལྟ་བ་,1,0.011066843736166445
གསལ,1,0.011066843736166445
འདི་ལྟར་,1,0.011066843736166445
བྱ་པུས་,1,0.011066843736166445
ལ་སྟག་མོ་,1,0.011066843736166445
མཆོང་,1,0.011066843736166445
བཅིངས་བ་,1,0.011066843736166445
སྟག་མོ་,1,0.011066843736166445
ཤ་ལ་,1,0.011066843736166445
སྲིད་པ,1,0.011066843736166445
འཆོངས་,1,0.011066843736166445
ཀྱིས,1,0.011066843736166445
ཤུགས་,1,0.011066843736166445
ཧཱུཾ་,1,0.011066843736166445
དམིགས་པ་,1,0.011066843736166445
ཐུག་པ,1,0.011066843736166445
ཡིས་,1,0.011066843736166445
བམ་,1,0.011066843736166445
འཁྲབ་,1,0.011066843736166445
རྒྱབ་པ་,1,0.011066843736166445
སྐྱོལ་,1,0.011066843736166445
ཀྲུང་,1,0.011066843736166445
བཤིག་པ་,1,0.011066843736166445
སྤྲད,1,0.011066843736166445
སྤྲད་,1,0.011066843736166445
བརླ,1,0.011066843736166445
སྐྱོར་བ,1,0.011066843736166445
མཐེབ་མོ,1,0.011066843736166445
བརྐྱང་བ,1,0.011066843736166445
ཟུར་,1,0.011066843736166445
ཀྱིརྩ་,1,0.011066843736166445
གོ,1,0.011066843736166445
འགྲེས་,1,0.011066843736166445
སྐད་པ་,1,0.011066843736166445
སྒུར་,1,0.011066843736166445
སྐུམ་,1,0.011066843736166445
བཤིགགཅན་གཟན་,1,0.011066843736166445
རྒྱལ་པོ་,1,0.011066843736166445
བསླང་,1,0.011066843736166445
བགྲད,1,0.011066843736166445
རོ་སྟོད་,1,0.011066843736166445
སྒུར,1,0.011066843736166445
གླང་ཆེན་,1,0.011066843736166445
ཕོ་བྲང་,1,0.011066843736166445
བསྐུམས་,1,0.011066843736166445
བཙུགས་པ,1,0.011066843736166445
སྒལ་པ,1,0.011066843736166445
མ་མགལ་,1,0.011066843736166445
རྒྱབ་འགྲོས་,1,0.011066843736166445
ངར་གདོང་,1,0.011066843736166445
འགྲེམས་པ,1,0.011066843736166445
རོལ་,1,0.011066843736166445
ནི་མཛུབ་མོ་,1,0.011066843736166445
བསྡམས་མཐེ་བོང་,1,0.011066843736166445
རྣ་,1,0.011066843736166445
བཀག་གོང་,1,0.011066843736166445
བཀག་སྲིན་མཛུབ་,1,0.011066843736166445
མཐེ་,1,0.011066843736166445
སྦྱར་མགོ་བོ,1,0.011066843736166445
བསྐོར་དེ་ནས་,1,0.011066843736166445
བསྡམས,1,0.011066843736166445
མཐེ་བོང་,1,0.011066843736166445
རྣ་བ་,1,0.011066843736166445
སྣ་བ་,1,0.011066843736166445
མཐེའུ་ཆུང་,1,0.011066843736166445
ཡ་མཆུ་,1,0.011066843736166445
སྦྲགས་,1,0.011066843736166445
དཔྲལ་,1,0.011066843736166445
༼,1,0.011066843736166445
༽,1,0.011066843736166445
བཅུ་བདུན་,1,0.011066843736166445
ནི་རྒྱབ་མདུན་,1,0.011066843736166445
བྱ་མདུན་,1,0.011066843736166445
ལངས་བ་,1,0.011066843736166445
མདུན,1,0.011066843736166445
གསུམ་པ,1,0.011066843736166445
བཞི་པ,1,0.011066843736166445
རྒྱབ་མདུན་,1,0.011066843736166445
རྡེབས་པ་,1,0.011066843736166445
སྟ་ཟུར་,1,0.011066843736166445
རྐྱངས་,1,0.011066843736166445
བཅོ་བརྒྱད་,1,0.011066843736166445
གཉིས་ས,1,0.011066843736166445
སྒུར་བ་,1,0.011066843736166445
རེག་པ་,1,0.011066843736166445
བཅུ་དགུ་,1,0.011066843736166445
རྟིང་མ,1,0.011066843736166445
སྒྱིད་པ་,1,0.011066843736166445
འཕར་བ་,1,0.011066843736166445
འཆོང་བ་,1,0.011066843736166445
བྱ་གནམ་,1,0.011066843736166445
རྡེབ་ལུས་,1,0.011066843736166445
རྒྱབ་པ,1,0.011066843736166445
བརྡབ་བོ,1,0.011066843736166445
ནི་རླུང་,1,0.011066843736166445
སྐྱལ་,1,0.011066843736166445
སྒྲིལ་,1,0.011066843736166445
དཔྲལ་བ་,1,0.011066843736166445
སྤྲུག་,1,0.011066843736166445
དཔྲལ་པ་,1,0.011066843736166445
མདུན་རྒྱབ་,1,0.011066843736166445
འདྲིལ་བ་,1,0.011066843736166445
བརྡབ་,1,0.011066843736166445
རྣམས,1,0.011066843736166445
གོད་,1,0.011066843736166445
ནམ་,1,0.011066843736166445
འགུལ་བ་,1,0.011066843736166445
གནད་གསང་,1,0.011066843736166445
ཟབ་མོ་,1,0.011066843736166445
གཅུ་བ་,1,0.011066843736166445
དགྱེ་,1,0.011066843736166445
རྒུ་,1,0.011066843736166445
ནོར་བ,1,0.011066843736166445
འད,1,0.011066843736166445
ནོར་བ་,1,0.011066843736166445
སོགས,1,0.011066843736166445
གང་ཡང་,1,0.011066843736166445
མཛེས་,1,0.011066843736166445
རྔམས་,1,0.011066843736166445
བརྗིད་,1,0.011066843736166445
གལ་པོ་,1,0.011066843736166445
ཆངས་,1,0.011066843736166445
སྤྱོད་,1,0.011066843736166445
བསླབ་,1,0.011066843736166445
རྣལ་འབྱོར་པ་,1,0.011066843736166445
ལནྟཀ་,1,0.011066843736166445
ཆགས་པ་,1,0.011066843736166445
ཁྱེར་བ་,1,0.011066843736166445
བསྟེན་,1,0.011066843736166445
ཤིས་བརྗོད,1,0.011066843736166445
སྤྱོད་ལམ་,1,0.011066843736166445
སེལ,1,0.011066843736166445
ཕན་,1,0.011066843736166445
དགེ་རྩ་,1,0.011066843736166445
ཆུད་,1,0.011066843736166445
ཟ་བ,1,0.011066843736166445
རྒྱས་,1,0.011066843736166445
གདབ་པ,1,0.011066843736166445
ཕྱི་འགྲོས་,1,0.011066843736166445
འཚལ་,1,0.011066843736166445
ཕྱི་རྐྱེན་,1,0.011066843736166445
འཚུབས་,1,0.011066843736166445
དུ་བ་,1,0.011066843736166445
འཐིབས་,1,0.011066843736166445
ནང་རྐྱེན་,1,0.011066843736166445
ཉོག་པ་,1,0.011066843736166445
གཉིད་འཐིབས་པ,1,0.011066843736166445
འཚུབས་པ་,1,0.011066843736166445
རིག་པ་,1,0.011066843736166445
དྭངས་,1,0.011066843736166445
ཉམས་རྟོགས་,1,0.011066843736166445
འཕེལ,1,0.011066843736166445
ལ་ལ་,1,0.011066843736166445
བྱན་,1,0.011066843736166445
ཆུབ་པ་,1,0.011066843736166445
ཧ་ཅང་,1,0.011066843736166445
དྲག་པ་,1,0.011066843736166445
འཕངས་པ་,1,0.011066843736166445
བརྒལ་བ་,1,0.011066843736166445
བསྡམས་པ་,1,0.011066843736166445
བསལ་བ་,1,0.011066843736166445
གསོལ་བ་,1,0.011066843736166445
འདེབས,1,0.011066843736166445
མཁའ་འགྲོ་,1,0.011066843736166445
གཏོར་,1,0.011066843736166445
བཏང,1,0.011066843736166445
ངོ་,1,0.011066843736166445
གྲོལ་བ,1,0.011066843736166445
འགྱུར་བ,1,0.011066843736166445
ནང་རྒྱུད་,1,0.011066843736166445
ཡོ་ག་,1,0.011066843736166445
གཙོ་བོ་,1,0.011066843736166445
ཇི་སྐད་,1,0.011066843736166445
བརྟན་པ་,1,0.011066843736166445
གཞུང་ལས་,1,0.011066843736166445
ཁྱབ་པ་,1,0.011066843736166445
སུ་ལུ,1,0.011066843736166445
ཚེ་རིང་,1,0.011066843736166445
དཀོན,1,0.011066843736166445
སྐྲ་དཀར་,1,0.011066843736166445
གཉེར་མ་,1,0.011066843736166445
བདེན་ཚིག་,1,0.011066843736166445
གྲུབ,1,0.011066843736166445
ཡིད་,1,0.011066843736166445
རང་ཤུགས་,1,0.011066843736166445
སྐྱེ,1,0.011066843736166445
ཇི་སྲིད་,1,0.011066843736166445
གཞན་དོན་,1,0.011066843736166445
གབ་,1,0.011066843736166445
སྦ,1,0.011066843736166445
ཆ་ལག་,1,0.011066843736166445
ལམ་མཆོག་,1,0.011066843736166445
བསལ་,1,0.011066843736166445
ལ་ཉེ་,1,0.011066843736166445
ཟིན་,1,0.011066843736166445
ཏོ,1,0.011066843736166445
སྨྲས་པ,1,0.011066843736166445
ཕུལ,1,0.011066843736166445
ས་ལམ་,1,0.011066843736166445
མིག་འཕྲུལ་,1,0.011066843736166445
བགྲོད་པ,1,0.011066843736166445
ཐབས,1,0.011066843736166445
སྐལ་ལྡན་,1,0.011066843736166445
སྙིང་,1,0.011066843736166445
གསོས,1,0.011066843736166445
འདི་འདྲ་,1,0.011066843736166445
མྱུར་,1,0.011066843736166445
ཙནྜ་,1,0.011066843736166445
ལི,1,0.011066843736166445
རྒྱུན,1,0.011066843736166445
འཕོ་,1,0.011066843736166445
དྷཱུ་,1,0.011066843736166445
ཏིའི་,1,0.011066843736166445
མཐུ,1,0.011066843736166445
འབྱོར་,1,0.011066843736166445
སྐྱབས་རྗེ་,1,0.011066843736166445
མཁན་ཆེན་,1,0.011066843736166445
རྗེ་བཙུན་,1,0.011066843736166445
དོན་གྲུབ་,1,0.011066843736166445
ཞལ་སྔ་,1,0.011066843736166445
བདག་ཅག་,1,0.011066843736166445
མཆེད་ལྕམ་,1,0.011066843736166445
བདུད་རྩི་,1,0.011066843736166445
ཁྲིད་,1,0.011066843736166445
བསྩལ་བ,1,0.011066843736166445
སྐལ་བཟང་,1,0.011066843736166445
ཚེ,1,0.011066843736166445
སྐྱབས་རྗེ,1,0.011066843736166445
པདྨ་,1,0.011066843736166445
ནུབ་,1,0.011066843736166445
བརྗེད་,1,0.011066843736166445
བྲིས་,1,0.011066843736166445
ཤིག་,1,0.011066843736166445
བཀའ་,1,0.011066843736166445
བསྩལ་བ་,1,0.011066843736166445
བག་ཆགས་,1,0.011066843736166445
འཇོག་པ,1,0.011066843736166445
སླད་,1,0.011066843736166445
ཕྱིད་,1,0.011066843736166445
གསོས་,1,0.011066843736166445
བསམས་,1,0.011066843736166445
ཕོ་ཉ,1,0.011066843736166445
ཤཱཀྱའི་,1,0.011066843736166445
དགེ་བསྙེན་,1,0.011066843736166445
ཕྲིན་,1,0.011066843736166445
རང་ལོ་,1,0.011066843736166445
མཐར་ཐུག་པ,1,0.011066843736166445
མཱ་,1,0.011066843736166445
ཀི,1,0.011066843736166445
མཁའ་ལྡིང་,1,0.011066843736166445
ལོ,1,0.011066843736166445
ལྷོ་,1,0.011066843736166445
མོན་,1,0.011066843736166445
སྦས་པ,1,0.011066843736166445
ལྗོངས་,1,0.011066843736166445
དཔལ་སྒང་,1,0.011066843736166445
དབེན་,1,0.011066843736166445
བསམ་གཏན་,1,0.011066843736166445
ཁང་བུ,1,0.011066843736166445
བྲིས་པ,1,0.011066843736166445
